{
    "user": {
        "X02v31sfUibmLOMwlpmz": {
            "password": "yp60Rxwwfj1rvAoQTAtlctCVpcPDvQ",
            "contacts": {},
            "invests": [],
            "money": 10000000
        },
        "97UsWbeovvkd9LOHYLpt": {
            "password": "1Xzj9FZ78z4vIyFTKJY9",
            "contacts": {},
            "invests": [],
            "money": 10000000
        },
        "VXpetwdg6wO7pVq7KWf6": {
            "password": "6zpoX6KV1smP1ojtIeVRsYbKmpTUgx",
            "contacts": {},
            "invests": [],
            "money": 10000000
        },
        "3R3DbEwQIKwAnfKA0ziP": {
            "password": "Xzhz3sy3DABA82uvurhdX7yUBZEZQz",
            "contacts": {},
            "invests": [],
            "money": 10000000
        }
    },
    "invest": {},
    "sockets": {}
}